Workbook
Name Backup: #REF!
Name Classification: #REF!
Name Created_by: #REF!
Name Date_Created: #REF!
Name Details: #REF!
Name Inputs: #REF!
Name Outputs: #REF!
Name Ownership: #REF!
Name PCDOCS: #REF!
Name Procedural: #REF!
Name Purpose: #REF!
Name Title: #REF!

Sheet Jan 1993 to Mar 2000
A1: E1 New Zealand's official overseas reserves
A2: (NZ$ millions)
B3: Reserve | D3: Total
B4: Bank | C4: Treasury | D4: foreign | F4: Reserve | G4: Special | H4: Total
B5: overseas | C5: overseas | D5: exch. | F5: position | G5: Drawing | H5: official
B6: reserves | C6: reserves | D6: reserves | E6: Gold | F6: at IMF | G6: Rights | H6: reserves
A8: 34000 | B8: 4543.7 | C8: 1328.8 | D8: 5872.5 | E8: - | F8: 292.1 | G8: 4.3 | H8: 6168.9
A9: 34028 | B9: 4457.2 | C9: 1257.7 | D9: 5714.9 | E9: - | F9: 281.6 | G9: 5.6 | H9: 6002.1
A10: 34059 | B10: 4526.6 | C10: 1364.5 | D10: 5891.1 | E10: - | F10: 279.3 | G10: 0.4 | H10: 6170.8
A11: 34089 | B11: 4590.5 | C11: 968.6 | D11: 5559.1 | E11: - | F11: 280.5 | G11: 3.7 | H11: 5843.3
A12: 34120 | B12: 4546.2 | C12: 1223.2 | D12: 5769.4 | E12: - | F12: 274.4 | G12: 0.5 | H12: 6044.3
A13: 34150 | B13: 4624.1 | C13: 1298.1 | D13: 5922.2 | E13: - | F13: 270.3 | G13: 0.5 | H13: 6193
A14: 34181 | B14: 4533.4 | C14: 1393.5 | D14: 5926.9 | E14: - | F14: 269.2 | G14: 3 | H14: 6199.1
A15: 34212 | B15: 4782.2 | C15: 1506.9 | D15: 6289.1 | E15: - | F15: 267 | G15: 4.4 | H15: 6560.5
A16: 34242 | B16: 4580.1 | C16: 1705.7 | D16: 6285.8 | E16: - | F16: 276.1 | G16: 4.5 | H16: 6566.4
A17: 34273 | B17: 4382.2 | C17: 1692.5 | D17: 6074.7 | E17: - | F17: 269.3 | G17: 0.2 | H17: 6344.2
A18: 34303 | B18: 4244.7 | C18: 1609.6 | D18: 5854.3 | E18: - | F18: 264.1 | G18: 0.1 | H18: 6118.5
A19: 34334 | B19: 4255.6 | C19: 1462.2 | D19: 5717.8 | E19: - | F19: 255.5 | G19: 0.1 | H19: 5973.4
... A94: 36616 | B94: 4506.8 | C94: 2511.8 | D94: 7018.6 | E94: - | F94: 849 | G94: 16.5 | H94: 7884.1
A96: Source: Reserve Bank of New Zealand and The Treasury
A97: Last updated 30 April 2000

Sheet Treasury
A1: E1 New Zealand's official reserve assets and other foreign currency assets
A2: (NZ$ millions)
B4: TREASURY | J4: Total | K4: Other
B5: Foreign currency reserves | E5: Reserve | F5: Special | G5: Other | H5: Treasury | I5: Reserve | J5: official | K5: foreign
E6: position | F6: drawing | G6: reserve | H6: Total | I6: Bank | J6: reserve | K6: currency
B7: Securities | C7: Cash and | D7: Total | E7: at IMF | F7: rights | G7: assets | I7: Total | J7: assets | K7: assets
C8: deposits
A10: 36586 | B10: 1829 | C10: 410 | D10: 2239 | E10: 841 | F10: 17 | G10: -27 | H10: 3070 | I10: 4809 | J10: 7879 | K10: 429
A11: 36617 | B11: 2028 | C11: 195 | D11: 2223 | E11: 842 | F11: 17 | G11: -9 | H11: 3073 | I11: 4798 | J11: 7871 | K11: 258
A12: 36647 | B12: 2017 | C12: 176 | D12: 2193 | E12: 784 | F12: 24 | G12: -29 | H12: 2972 | I12: 4858 | J12: 7830 | K12: 225
A13: 36678 | B13: 2180 | C13: 160 | D13: 2340 | E13: 761 | F13: 24 | G13: -25 | H13: 3100 | I13: 4673 | J13: 7773 | K13: 225
A14: 36708 | B14: 2240 | C14: 156 | D14: 2396 | E14: 772 | F14: 25 | G14: -17 | H14: 3176 | I14: 4546 | J14: 7722 | K14: 187
A15: 36739 | B15: 2400 | C15: 289 | D15: 2689 | E15: 760 | F15: 28 | G15: -57 | H15: 3420 | I15: 4992 | J15: 8412 | K15: 290
A16: 36770 | B16: 2402 | C16: 326 | D16: 2728 | E16: 799 | F16: 30 | G16: -81 | H16: 3476 | I16: 5237 | J16: 8713 | K16: 454
A17: 36800 | B17: 2592 | C17: 726 | D17: 3318 | E17: 810 | F17: 30 | G17: -91 | H17: 4067 | I17: 5323 | J17: 9390 | K17: 269
A18: 36831 | B18: 2732 | C18: 431 | D18: 3163 | E18: 779 | F18: 32 | G18: -74 | H18: 3900 | I18: 5275 | J18: 9175 | K18: 313
A19: 36861 | B19: 2483 | C19: 485 | D19: 2968 | E19: 731 | F19: 30 | G19: -34 | H19: 3695 | I19: 5288 | J19: 8983 | K19: 278
A20: 36892 | B20: 2090 | C20: 648 | D20: 2738 | E20: 691 | F20: 30 | G20: -6 | H20: 3453 | I20: 5137 | J20: 8590 | K20: 132
A21: 36923 | B21: 2056 | C21: 268 | D21: 2324 | E21: 800 | F21: 32 | G21: -6 | H21: 3150 | I21: 4677 | J21: 7827 | K21: 376
... A319: 46022 | B319: 3633 | C319: 166 | D319: 3799 | E319: 749 | F319: 5098 | G319: 0 | H319: 9646 | I319: 39008 | J319: 48654 | K319: -335
A321: Source: Reserve Bank of New Zealand and The Treasury
A322: ='Reserve Bank'!A322 -> Last updated 9th January 2026

Sheet Check Treasury Past
A1: E1 New Zealand's official reserve assets and other foreign currency assets (Please download from web and paste here) | M1: CHECK | N1: =SUM(N10:N1048576) -> 0 | O1: =SUM(O10:O1048576) -> 0 | P1: =SUM(P10:P1048576) -> 0 | Q1: =SUM(Q10:Q1048576) -> 0 | R1: =SUM(R10:R1048576) -> 0 | S1: =SUM(S10:S1048576) -> 0 | T1: =SUM(T10:T1048576) -> 0 | U1: =SUM(U10:U1048576) -> 0 | ... W1: =SUM(W10:W1048576) -> 0
A2: (NZ$ millions) | M2: (NZ$ millions)
B4: TREASURY | J4: Total | K4: Other | N4: TREASURY | V4: Total | W4: Other
B5: Foreign currency reserves | E5: Reserve | F5: Special | G5: Other | H5: Treasury | I5: Reserve | J5: official | K5: foreign | N5: Foreign currency reserves | Q5: Reserve | R5: Special | S5: Other | T5: Treasury | U5: Reserve | V5: official | W5: foreign
E6: position | F6: drawing | G6: reserve | H6: Total | I6: Bank | J6: reserve | K6: currency | Q6: position | R6: drawing | S6: reserve | T6: Total | U6: Bank | V6: reserve | W6: currency
B7: Securities | C7: Cash and | D7: Total | E7: at IMF | F7: rights | G7: assets | I7: Total | J7: assets | K7: assets | N7: Securities | O7: Cash and | P7: Total | Q7: at IMF | R7: rights | S7: assets | U7: Total | V7: assets | W7: assets
C8: deposits | O8: deposits
A10: 36586 | B10: 1829 | C10: 410 | D10: 2239 | E10: 841 | F10: 17 | G10: -27 | H10: 3070 | I10: 4809 | J10: 7879 | K10: 429 | M10: 36586 | N10: =Treasury!B10-'Check Treasury Past'!B10 -> 0 | O10: =Treasury!C10-'Check Treasury Past'!C10 -> 0 | P10: =Treasury!D10-'Check Treasury Past'!D10 -> 0 | Q10: =Treasury!E10-'Check Treasury Past'!E10 -> 0 | R10: =Treasury!F10-'Check Treasury Past'!F10 -> 0 | S10: =Treasury!G10-'Check Treasury Past'!G10 -> 0 | T10: =Treasury!H10-'Check Treasury Past'!H10 -> 0 | U10: =Treasury!I10-'Check Treasury Past'!I10 -> 0 | ... W10: =Treasury!K10-'Check Treasury Past'!K10 -> 0
A11: 36617 | B11: 2028 | C11: 195 | D11: 2223 | E11: 842 | F11: 17 | G11: -9 | H11: 3073 | I11: 4798 | J11: 7871 | K11: 258 | M11: 36617 | N11: =Treasury!B11-'Check Treasury Past'!B11 -> 0 | O11: =Treasury!C11-'Check Treasury Past'!C11 -> 0 | P11: =Treasury!D11-'Check Treasury Past'!D11 -> 0 | Q11: =Treasury!E11-'Check Treasury Past'!E11 -> 0 | R11: =Treasury!F11-'Check Treasury Past'!F11 -> 0 | S11: =Treasury!G11-'Check Treasury Past'!G11 -> 0 | T11: =Treasury!H11-'Check Treasury Past'!H11 -> 0 | U11: =Treasury!I11-'Check Treasury Past'!I11 -> 0 | ... W11: =Treasury!K11-'Check Treasury Past'!K11 -> 0
A12: 36647 | B12: 2017 | C12: 176 | D12: 2193 | E12: 784 | F12: 24 | G12: -29 | H12: 2972 | I12: 4858 | J12: 7830 | K12: 225 | M12: 36647 | N12: =Treasury!B12-'Check Treasury Past'!B12 -> 0 | O12: =Treasury!C12-'Check Treasury Past'!C12 -> 0 | P12: =Treasury!D12-'Check Treasury Past'!D12 -> 0 | Q12: =Treasury!E12-'Check Treasury Past'!E12 -> 0 | R12: =Treasury!F12-'Check Treasury Past'!F12 -> 0 | S12: =Treasury!G12-'Check Treasury Past'!G12 -> 0 | T12: =Treasury!H12-'Check Treasury Past'!H12 -> 0 | U12: =Treasury!I12-'Check Treasury Past'!I12 -> 0 | ... W12: =Treasury!K12-'Check Treasury Past'!K12 -> 0
A13: 36678 | B13: 2180 | C13: 160 | D13: 2340 | E13: 761 | F13: 24 | G13: -25 | H13: 3100 | I13: 4673 | J13: 7773 | K13: 225 | M13: 36678 | N13: =Treasury!B13-'Check Treasury Past'!B13 -> 0 | O13: =Treasury!C13-'Check Treasury Past'!C13 -> 0 | P13: =Treasury!D13-'Check Treasury Past'!D13 -> 0 | Q13: =Treasury!E13-'Check Treasury Past'!E13 -> 0 | R13: =Treasury!F13-'Check Treasury Past'!F13 -> 0 | S13: =Treasury!G13-'Check Treasury Past'!G13 -> 0 | T13: =Treasury!H13-'Check Treasury Past'!H13 -> 0 | U13: =Treasury!I13-'Check Treasury Past'!I13 -> 0 | ... W13: =Treasury!K13-'Check Treasury Past'!K13 -> 0
A14: 36708 | B14: 2240 | C14: 156 | D14: 2396 | E14: 772 | F14: 25 | G14: -17 | H14: 3176 | I14: 4546 | J14: 7722 | K14: 187 | M14: 36708 | N14: =Treasury!B14-'Check Treasury Past'!B14 -> 0 | O14: =Treasury!C14-'Check Treasury Past'!C14 -> 0 | P14: =Treasury!D14-'Check Treasury Past'!D14 -> 0 | Q14: =Treasury!E14-'Check Treasury Past'!E14 -> 0 | R14: =Treasury!F14-'Check Treasury Past'!F14 -> 0 | S14: =Treasury!G14-'Check Treasury Past'!G14 -> 0 | T14: =Treasury!H14-'Check Treasury Past'!H14 -> 0 | U14: =Treasury!I14-'Check Treasury Past'!I14 -> 0 | ... W14: =Treasury!K14-'Check Treasury Past'!K14 -> 0
A15: 36739 | B15: 2400 | C15: 289 | D15: 2689 | E15: 760 | F15: 28 | G15: -57 | H15: 3420 | I15: 4992 | J15: 8412 | K15: 290 | M15: 36739 | N15: =Treasury!B15-'Check Treasury Past'!B15 -> 0 | O15: =Treasury!C15-'Check Treasury Past'!C15 -> 0 | P15: =Treasury!D15-'Check Treasury Past'!D15 -> 0 | Q15: =Treasury!E15-'Check Treasury Past'!E15 -> 0 | R15: =Treasury!F15-'Check Treasury Past'!F15 -> 0 | S15: =Treasury!G15-'Check Treasury Past'!G15 -> 0 | T15: =Treasury!H15-'Check Treasury Past'!H15 -> 0 | U15: =Treasury!I15-'Check Treasury Past'!I15 -> 0 | ... W15: =Treasury!K15-'Check Treasury Past'!K15 -> 0
A16: 36770 | B16: 2402 | C16: 326 | D16: 2728 | E16: 799 | F16: 30 | G16: -81 | H16: 3476 | I16: 5237 | J16: 8713 | K16: 454 | M16: 36770 | N16: =Treasury!B16-'Check Treasury Past'!B16 -> 0 | O16: =Treasury!C16-'Check Treasury Past'!C16 -> 0 | P16: =Treasury!D16-'Check Treasury Past'!D16 -> 0 | Q16: =Treasury!E16-'Check Treasury Past'!E16 -> 0 | R16: =Treasury!F16-'Check Treasury Past'!F16 -> 0 | S16: =Treasury!G16-'Check Treasury Past'!G16 -> 0 | T16: =Treasury!H16-'Check Treasury Past'!H16 -> 0 | U16: =Treasury!I16-'Check Treasury Past'!I16 -> 0 | ... W16: =Treasury!K16-'Check Treasury Past'!K16 -> 0
A17: 36800 | B17: 2592 | C17: 726 | D17: 3318 | E17: 810 | F17: 30 | G17: -91 | H17: 4067 | I17: 5323 | J17: 9390 | K17: 269 | M17: 36800 | N17: =Treasury!B17-'Check Treasury Past'!B17 -> 0 | O17: =Treasury!C17-'Check Treasury Past'!C17 -> 0 | P17: =Treasury!D17-'Check Treasury Past'!D17 -> 0 | Q17: =Treasury!E17-'Check Treasury Past'!E17 -> 0 | R17: =Treasury!F17-'Check Treasury Past'!F17 -> 0 | S17: =Treasury!G17-'Check Treasury Past'!G17 -> 0 | T17: =Treasury!H17-'Check Treasury Past'!H17 -> 0 | U17: =Treasury!I17-'Check Treasury Past'!I17 -> 0 | ... W17: =Treasury!K17-'Check Treasury Past'!K17 -> 0
A18: 36831 | B18: 2732 | C18: 431 | D18: 3163 | E18: 779 | F18: 32 | G18: -74 | H18: 3900 | I18: 5275 | J18: 9175 | K18: 313 | M18: 36831 | N18: =Treasury!B18-'Check Treasury Past'!B18 -> 0 | O18: =Treasury!C18-'Check Treasury Past'!C18 -> 0 | P18: =Treasury!D18-'Check Treasury Past'!D18 -> 0 | Q18: =Treasury!E18-'Check Treasury Past'!E18 -> 0 | R18: =Treasury!F18-'Check Treasury Past'!F18 -> 0 | S18: =Treasury!G18-'Check Treasury Past'!G18 -> 0 | T18: =Treasury!H18-'Check Treasury Past'!H18 -> 0 | U18: =Treasury!I18-'Check Treasury Past'!I18 -> 0 | ... W18: =Treasury!K18-'Check Treasury Past'!K18 -> 0
A19: 36861 | B19: 2483 | C19: 485 | D19: 2968 | E19: 731 | F19: 30 | G19: -34 | H19: 3695 | I19: 5288 | J19: 8983 | K19: 278 | M19: 36861 | N19: =Treasury!B19-'Check Treasury Past'!B19 -> 0 | O19: =Treasury!C19-'Check Treasury Past'!C19 -> 0 | P19: =Treasury!D19-'Check Treasury Past'!D19 -> 0 | Q19: =Treasury!E19-'Check Treasury Past'!E19 -> 0 | R19: =Treasury!F19-'Check Treasury Past'!F19 -> 0 | S19: =Treasury!G19-'Check Treasury Past'!G19 -> 0 | T19: =Treasury!H19-'Check Treasury Past'!H19 -> 0 | U19: =Treasury!I19-'Check Treasury Past'!I19 -> 0 | ... W19: =Treasury!K19-'Check Treasury Past'!K19 -> 0
A20: 36892 | B20: 2090 | C20: 648 | D20: 2738 | E20: 691 | F20: 30 | G20: -6 | H20: 3453 | I20: 5137 | J20: 8590 | K20: 132 | M20: 36892 | N20: =Treasury!B20-'Check Treasury Past'!B20 -> 0 | O20: =Treasury!C20-'Check Treasury Past'!C20 -> 0 | P20: =Treasury!D20-'Check Treasury Past'!D20 -> 0 | Q20: =Treasury!E20-'Check Treasury Past'!E20 -> 0 | R20: =Treasury!F20-'Check Treasury Past'!F20 -> 0 | S20: =Treasury!G20-'Check Treasury Past'!G20 -> 0 | T20: =Treasury!H20-'Check Treasury Past'!H20 -> 0 | U20: =Treasury!I20-'Check Treasury Past'!I20 -> 0 | ... W20: =Treasury!K20-'Check Treasury Past'!K20 -> 0
A21: 36923 | B21: 2056 | C21: 268 | D21: 2324 | E21: 800 | F21: 32 | G21: -6 | H21: 3150 | I21: 4677 | J21: 7827 | K21: 376 | M21: 36923 | N21: =Treasury!B21-'Check Treasury Past'!B21 -> 0 | O21: =Treasury!C21-'Check Treasury Past'!C21 -> 0 | P21: =Treasury!D21-'Check Treasury Past'!D21 -> 0 | Q21: =Treasury!E21-'Check Treasury Past'!E21 -> 0 | R21: =Treasury!F21-'Check Treasury Past'!F21 -> 0 | S21: =Treasury!G21-'Check Treasury Past'!G21 -> 0 | T21: =Treasury!H21-'Check Treasury Past'!H21 -> 0 | U21: =Treasury!I21-'Check Treasury Past'!I21 -> 0 | ... W21: =Treasury!K21-'Check Treasury Past'!K21 -> 0
... A317: 45961 | B317: 3588 | C317: 152 | D317: 3740 | E317: 780 | F317: 5121 | G317: 0 | H317: 9641 | I317: 38409 | J317: 48050 | K317: -288 | M317: 45961 | N317: =Treasury!B317-'Check Treasury Past'!B317 -> 0 | O317: =Treasury!C317-'Check Treasury Past'!C317 -> 0 | P317: =Treasury!D317-'Check Treasury Past'!D317 -> 0 | Q317: =Treasury!E317-'Check Treasury Past'!E317 -> 0 | R317: =Treasury!F317-'Check Treasury Past'!F317 -> 0 | S317: =Treasury!G317-'Check Treasury Past'!G317 -> 0 | T317: =Treasury!H317-'Check Treasury Past'!H317 -> 0 | U317: =Treasury!I317-'Check Treasury Past'!I317 -> 0 | ... W317: =Treasury!K317-'Check Treasury Past'!K317 -> 0
A318: 45991 | B318: 3628 | C318: 828 | D318: =C318+B318 -> 4456 | E318: 773 | F318: 5111 | G318: 0 | H318: =D318+E318+F318+G318 -> 10340 | I318: 45512 | J318: =H318+I318 -> 55852 | K318: -342 | M318: 45991 | N318: =Treasury!B318-'Check Treasury Past'!B318 -> 0 | O318: =Treasury!C318-'Check Treasury Past'!C318 -> 0 | P318: =Treasury!D318-'Check Treasury Past'!D318 -> 0 | Q318: =Treasury!E318-'Check Treasury Past'!E318 -> 0 | R318: =Treasury!F318-'Check Treasury Past'!F318 -> 0 | S318: =Treasury!G318-'Check Treasury Past'!G318 -> 0 | T318: =Treasury!H318-'Check Treasury Past'!H318 -> 0 | U318: =Treasury!I318-'Check Treasury Past'!I318 -> 0 | ... W318: =Treasury!K318-'Check Treasury Past'!K318 -> 0

Sheet Reserve Bank
A1: E1 New Zealand's official reserve assets and other foreign currency assets
A2: (NZ$ millions)
B4: RESERVE BANK | H4: Total | I4: Other
B5: Foreign currency reserves | E5: Other | F5: Reserve | G5: Treasury | H5: official | I5: foreign
E6: reserve | F6: Bank | G6: Total | H6: reserve | I6: currency
B7: Securities | C7: Cash and | D7: Total | E7: assets | F7: Total | H7: assets | I7: assets
C8: deposits
A10: 36586 | B10: 3852 | C10: 769 | D10: 4621 | E10: 188 | F10: 4809 | G10: 3070 | H10: 7879 | I10: 429
A11: 36617 | B11: 4023 | C11: 494 | D11: 4517 | E11: 281 | F11: 4798 | G11: 3073 | H11: 7871 | I11: 258
A12: 36647 | B12: 4147 | C12: 194 | D12: 4341 | E12: 517 | F12: 4858 | G12: 2972 | H12: 7830 | I12: 225
A13: 36678 | B13: 4149 | C13: 76 | D13: 4225 | E13: 448 | F13: 4673 | G13: 3100 | H13: 7773 | I13: 225
A14: 36708 | B14: 3713 | C14: 129 | D14: 3842 | E14: 704 | F14: 4546 | G14: 3176 | H14: 7722 | I14: 187
A15: 36739 | B15: 4038 | C15: 217 | D15: 4255 | E15: 737 | F15: 4992 | G15: 3420 | H15: 8412 | I15: 290
A16: 36770 | B16: 4211 | C16: 356 | D16: 4567 | E16: 670 | F16: 5237 | G16: 3476 | H16: 8713 | I16: 454
A17: 36800 | B17: 4088 | C17: 381 | D17: 4469 | E17: 854 | F17: 5323 | G17: 4067 | H17: 9390 | I17: 269
A18: 36831 | B18: 4055 | C18: 192 | D18: 4247 | E18: 1028 | F18: 5275 | G18: 3900 | H18: 9175 | I18: 313
A19: 36861 | B19: 3092 | C19: 748 | D19: 3840 | E19: 1448 | F19: 5288 | G19: 3695 | H19: 8983 | I19: 278
A20: 36892 | B20: 2750 | C20: 634 | D20: 3384 | E20: 1753 | F20: 5137 | G20: 3453 | H20: 8590 | I20: 132
A21: 36923 | B21: 2792 | C21: 157 | D21: 2949 | E21: 1728 | F21: 4677 | G21: 3150 | H21: 7827 | I21: 376
... A319: 46022 | B319: 13074 | C319: 16449 | D319: 29523 | E319: 9485 | F319: 39008 | G319: 9646 | H319: 48654 | I319: -335
A321: Source: Reserve Bank of New Zealand and The Treasury
A322: Last updated 9th January 2026

Sheet Check RB Past
A1: E1 New Zealand's official reserve assets and other foreign currency assets (Please download from web and paste here) | M1: CHECK | N1: =SUM(N10:N1048576) -> 0 | O1: =SUM(O10:O1048576) -> 0 | P1: =SUM(P10:P1048576) -> 0 | Q1: =SUM(Q10:Q1048576) -> 0 | R1: =SUM(R10:R1048576) -> 0 | S1: =SUM(S10:S1048576) -> 0 | T1: =SUM(T10:T1048576) -> 0 | U1: =SUM(U10:U1048576) -> 0
A2: (NZ$ millions) | M2: (NZ$ millions)
B4: RESERVE BANK | H4: Total | I4: Other | N4: RESERVE BANK | T4: Total | U4: Other
B5: Foreign currency reserves | E5: Other | F5: Reserve | G5: Treasury | H5: official | I5: foreign | N5: Foreign currency reserves | Q5: Other | R5: Reserve | S5: Treasury | T5: official | U5: foreign
E6: reserve | F6: Bank | G6: Total | H6: reserve | I6: currency | Q6: reserve | R6: Bank | S6: Total | T6: reserve | U6: currency
B7: Securities | C7: Cash and | D7: Total | E7: assets | F7: Total | H7: assets | I7: assets | N7: Securities | O7: Cash and | P7: Total | Q7: assets | R7: Total | T7: assets | U7: assets
C8: deposits | O8: deposits
A10: 36586 | B10: 3852 | C10: 769 | D10: 4621 | E10: 188 | F10: 4809 | G10: 3070 | H10: 7879 | I10: 429 | M10: 36586 | N10: ='Reserve Bank'!B10-'Check RB Past'!B10 -> 0 | O10: ='Reserve Bank'!C10-'Check RB Past'!C10 -> 0 | P10: ='Reserve Bank'!D10-'Check RB Past'!D10 -> 0 | Q10: ='Reserve Bank'!E10-'Check RB Past'!E10 -> 0 | R10: ='Reserve Bank'!F10-'Check RB Past'!F10 -> 0 | S10: ='Reserve Bank'!G10-'Check RB Past'!G10 -> 0 | T10: ='Reserve Bank'!H10-'Check RB Past'!H10 -> 0 | U10: ='Reserve Bank'!I10-'Check RB Past'!I10 -> 0
A11: 36617 | B11: 4023 | C11: 494 | D11: 4517 | E11: 281 | F11: 4798 | G11: 3073 | H11: 7871 | I11: 258 | M11: 36617 | N11: ='Reserve Bank'!B11-'Check RB Past'!B11 -> 0 | O11: ='Reserve Bank'!C11-'Check RB Past'!C11 -> 0 | P11: ='Reserve Bank'!D11-'Check RB Past'!D11 -> 0 | Q11: ='Reserve Bank'!E11-'Check RB Past'!E11 -> 0 | R11: ='Reserve Bank'!F11-'Check RB Past'!F11 -> 0 | S11: ='Reserve Bank'!G11-'Check RB Past'!G11 -> 0 | T11: ='Reserve Bank'!H11-'Check RB Past'!H11 -> 0 | U11: ='Reserve Bank'!I11-'Check RB Past'!I11 -> 0
A12: 36647 | B12: 4147 | C12: 194 | D12: 4341 | E12: 517 | F12: 4858 | G12: 2972 | H12: 7830 | I12: 225 | M12: 36647 | N12: ='Reserve Bank'!B12-'Check RB Past'!B12 -> 0 | O12: ='Reserve Bank'!C12-'Check RB Past'!C12 -> 0 | P12: ='Reserve Bank'!D12-'Check RB Past'!D12 -> 0 | Q12: ='Reserve Bank'!E12-'Check RB Past'!E12 -> 0 | R12: ='Reserve Bank'!F12-'Check RB Past'!F12 -> 0 | S12: ='Reserve Bank'!G12-'Check RB Past'!G12 -> 0 | T12: ='Reserve Bank'!H12-'Check RB Past'!H12 -> 0 | U12: ='Reserve Bank'!I12-'Check RB Past'!I12 -> 0
A13: 36678 | B13: 4149 | C13: 76 | D13: 4225 | E13: 448 | F13: 4673 | G13: 3100 | H13: 7773 | I13: 225 | M13: 36678 | N13: ='Reserve Bank'!B13-'Check RB Past'!B13 -> 0 | O13: ='Reserve Bank'!C13-'Check RB Past'!C13 -> 0 | P13: ='Reserve Bank'!D13-'Check RB Past'!D13 -> 0 | Q13: ='Reserve Bank'!E13-'Check RB Past'!E13 -> 0 | R13: ='Reserve Bank'!F13-'Check RB Past'!F13 -> 0 | S13: ='Reserve Bank'!G13-'Check RB Past'!G13 -> 0 | T13: ='Reserve Bank'!H13-'Check RB Past'!H13 -> 0 | U13: ='Reserve Bank'!I13-'Check RB Past'!I13 -> 0
A14: 36708 | B14: 3713 | C14: 129 | D14: 3842 | E14: 704 | F14: 4546 | G14: 3176 | H14: 7722 | I14: 187 | M14: 36708 | N14: ='Reserve Bank'!B14-'Check RB Past'!B14 -> 0 | O14: ='Reserve Bank'!C14-'Check RB Past'!C14 -> 0 | P14: ='Reserve Bank'!D14-'Check RB Past'!D14 -> 0 | Q14: ='Reserve Bank'!E14-'Check RB Past'!E14 -> 0 | R14: ='Reserve Bank'!F14-'Check RB Past'!F14 -> 0 | S14: ='Reserve Bank'!G14-'Check RB Past'!G14 -> 0 | T14: ='Reserve Bank'!H14-'Check RB Past'!H14 -> 0 | U14: ='Reserve Bank'!I14-'Check RB Past'!I14 -> 0
A15: 36739 | B15: 4038 | C15: 217 | D15: 4255 | E15: 737 | F15: 4992 | G15: 3420 | H15: 8412 | I15: 290 | M15: 36739 | N15: ='Reserve Bank'!B15-'Check RB Past'!B15 -> 0 | O15: ='Reserve Bank'!C15-'Check RB Past'!C15 -> 0 | P15: ='Reserve Bank'!D15-'Check RB Past'!D15 -> 0 | Q15: ='Reserve Bank'!E15-'Check RB Past'!E15 -> 0 | R15: ='Reserve Bank'!F15-'Check RB Past'!F15 -> 0 | S15: ='Reserve Bank'!G15-'Check RB Past'!G15 -> 0 | T15: ='Reserve Bank'!H15-'Check RB Past'!H15 -> 0 | U15: ='Reserve Bank'!I15-'Check RB Past'!I15 -> 0
A16: 36770 | B16: 4211 | C16: 356 | D16: 4567 | E16: 670 | F16: 5237 | G16: 3476 | H16: 8713 | I16: 454 | M16: 36770 | N16: ='Reserve Bank'!B16-'Check RB Past'!B16 -> 0 | O16: ='Reserve Bank'!C16-'Check RB Past'!C16 -> 0 | P16: ='Reserve Bank'!D16-'Check RB Past'!D16 -> 0 | Q16: ='Reserve Bank'!E16-'Check RB Past'!E16 -> 0 | R16: ='Reserve Bank'!F16-'Check RB Past'!F16 -> 0 | S16: ='Reserve Bank'!G16-'Check RB Past'!G16 -> 0 | T16: ='Reserve Bank'!H16-'Check RB Past'!H16 -> 0 | U16: ='Reserve Bank'!I16-'Check RB Past'!I16 -> 0
A17: 36800 | B17: 4088 | C17: 381 | D17: 4469 | E17: 854 | F17: 5323 | G17: 4067 | H17: 9390 | I17: 269 | M17: 36800 | N17: ='Reserve Bank'!B17-'Check RB Past'!B17 -> 0 | O17: ='Reserve Bank'!C17-'Check RB Past'!C17 -> 0 | P17: ='Reserve Bank'!D17-'Check RB Past'!D17 -> 0 | Q17: ='Reserve Bank'!E17-'Check RB Past'!E17 -> 0 | R17: ='Reserve Bank'!F17-'Check RB Past'!F17 -> 0 | S17: ='Reserve Bank'!G17-'Check RB Past'!G17 -> 0 | T17: ='Reserve Bank'!H17-'Check RB Past'!H17 -> 0 | U17: ='Reserve Bank'!I17-'Check RB Past'!I17 -> 0
A18: 36831 | B18: 4055 | C18: 192 | D18: 4247 | E18: 1028 | F18: 5275 | G18: 3900 | H18: 9175 | I18: 313 | M18: 36831 | N18: ='Reserve Bank'!B18-'Check RB Past'!B18 -> 0 | O18: ='Reserve Bank'!C18-'Check RB Past'!C18 -> 0 | P18: ='Reserve Bank'!D18-'Check RB Past'!D18 -> 0 | Q18: ='Reserve Bank'!E18-'Check RB Past'!E18 -> 0 | R18: ='Reserve Bank'!F18-'Check RB Past'!F18 -> 0 | S18: ='Reserve Bank'!G18-'Check RB Past'!G18 -> 0 | T18: ='Reserve Bank'!H18-'Check RB Past'!H18 -> 0 | U18: ='Reserve Bank'!I18-'Check RB Past'!I18 -> 0
A19: 36861 | B19: 3092 | C19: 748 | D19: 3840 | E19: 1448 | F19: 5288 | G19: 3695 | H19: 8983 | I19: 278 | M19: 36861 | N19: ='Reserve Bank'!B19-'Check RB Past'!B19 -> 0 | O19: ='Reserve Bank'!C19-'Check RB Past'!C19 -> 0 | P19: ='Reserve Bank'!D19-'Check RB Past'!D19 -> 0 | Q19: ='Reserve Bank'!E19-'Check RB Past'!E19 -> 0 | R19: ='Reserve Bank'!F19-'Check RB Past'!F19 -> 0 | S19: ='Reserve Bank'!G19-'Check RB Past'!G19 -> 0 | T19: ='Reserve Bank'!H19-'Check RB Past'!H19 -> 0 | U19: ='Reserve Bank'!I19-'Check RB Past'!I19 -> 0
A20: 36892 | B20: 2750 | C20: 634 | D20: 3384 | E20: 1753 | F20: 5137 | G20: 3453 | H20: 8590 | I20: 132 | M20: 36892 | N20: ='Reserve Bank'!B20-'Check RB Past'!B20 -> 0 | O20: ='Reserve Bank'!C20-'Check RB Past'!C20 -> 0 | P20: ='Reserve Bank'!D20-'Check RB Past'!D20 -> 0 | Q20: ='Reserve Bank'!E20-'Check RB Past'!E20 -> 0 | R20: ='Reserve Bank'!F20-'Check RB Past'!F20 -> 0 | S20: ='Reserve Bank'!G20-'Check RB Past'!G20 -> 0 | T20: ='Reserve Bank'!H20-'Check RB Past'!H20 -> 0 | U20: ='Reserve Bank'!I20-'Check RB Past'!I20 -> 0
A21: 36923 | B21: 2792 | C21: 157 | D21: 2949 | E21: 1728 | F21: 4677 | G21: 3150 | H21: 7827 | I21: 376 | M21: 36923 | N21: ='Reserve Bank'!B21-'Check RB Past'!B21 -> 0 | O21: ='Reserve Bank'!C21-'Check RB Past'!C21 -> 0 | P21: ='Reserve Bank'!D21-'Check RB Past'!D21 -> 0 | Q21: ='Reserve Bank'!E21-'Check RB Past'!E21 -> 0 | R21: ='Reserve Bank'!F21-'Check RB Past'!F21 -> 0 | S21: ='Reserve Bank'!G21-'Check RB Past'!G21 -> 0 | T21: ='Reserve Bank'!H21-'Check RB Past'!H21 -> 0 | U21: ='Reserve Bank'!I21-'Check RB Past'!I21 -> 0
... A316: 45930 | B316: 9812 | C316: 16008 | D316: 25820 | E316: 11842 | F316: 37662 | G316: 9727 | H316: 47389 | I316: -40 | M316: 45930 | N316: ='Reserve Bank'!B316-'Check RB Past'!B316 -> 0 | O316: ='Reserve Bank'!C316-'Check RB Past'!C316 -> 0 | P316: ='Reserve Bank'!D316-'Check RB Past'!D316 -> 0 | Q316: ='Reserve Bank'!E316-'Check RB Past'!E316 -> 0 | R316: ='Reserve Bank'!F316-'Check RB Past'!F316 -> 0 | S316: ='Reserve Bank'!G316-'Check RB Past'!G316 -> 0 | T316: ='Reserve Bank'!H316-'Check RB Past'!H316 -> 0 | U316: ='Reserve Bank'!I316-'Check RB Past'!I316 -> 0
A317: 45961 | B317: 9387 | C317: 16257 | D317: =C317+B317 -> 25644 | E317: 12765 | F317: =E317+D317 -> 38409 | G317: 9641 | H317: =F317+G317 -> 48050 | I317: -288 | M317: 45961 | N317: ='Reserve Bank'!B317-'Check RB Past'!B317 -> 0 | O317: ='Reserve Bank'!C317-'Check RB Past'!C317 -> 0 | P317: ='Reserve Bank'!D317-'Check RB Past'!D317 -> 0 | Q317: ='Reserve Bank'!E317-'Check RB Past'!E317 -> 0 | R317: ='Reserve Bank'!F317-'Check RB Past'!F317 -> 0 | S317: ='Reserve Bank'!G317-'Check RB Past'!G317 -> 0 | T317: ='Reserve Bank'!H317-'Check RB Past'!H317 -> 0 | U317: ='Reserve Bank'!I317-'Check RB Past'!I317 -> 0
A318: 45991 | B318: 11281 | C318: 22705 | D318: =C318+B318 -> 33986 | E318: 11526 | F318: =E318+D318 -> 45512 | G318: 10340 | H318: =F318+G318 -> 55852 | I318: -342 | M318: 45991 | N318: ='Reserve Bank'!B318-'Check RB Past'!B318 -> 0 | O318: ='Reserve Bank'!C318-'Check RB Past'!C318 -> 0 | P318: ='Reserve Bank'!D318-'Check RB Past'!D318 -> 0 | Q318: ='Reserve Bank'!E318-'Check RB Past'!E318 -> 0 | R318: ='Reserve Bank'!F318-'Check RB Past'!F318 -> 0 | S318: ='Reserve Bank'!G318-'Check RB Past'!G318 -> 0 | T318: ='Reserve Bank'!H318-'Check RB Past'!H318 -> 0 | U318: ='Reserve Bank'!I318-'Check RB Past'!I318 -> 0

Sheet Notes
A1: E1 New Zealand's official reserve assets and other foreign currency assets
A2: (NZ$ millions)
B4: RESERVE BANK | G4: TREASURY | N4: Total | O4: Other
B5: Foreign currency reserves | E5: Other | F5: Total | G5: Foreign currency reserves | J5: Reserve | K5: Special | L5: Other | M5: Total | N5: official | O5: foreign
E6: reserve | F6: official | J6: position | K6: drawing | L6: reserve | M6: official | N6: reserve | O6: currency
B7: Securities | C7: Cash and | D7: Total | E7: assets | F7: reserve | G7: Securities | H7: Cash and | I7: Total | J7: at IMF | K7: rights | L7: assets | M7: reserve | N7: assets | O7: assets
C8: deposits | F8: assets | H8: deposits | M8: assets
A10: 36463 | D10: 5212 | I10: 2296 | J10: 896 | K10: 10.2 | N10: 8414.2
A11: 36494 | D11: 5481 | I11: 2349.2 | J11: 844.1 | K11: 13.3 | N11: 8687.6
A12: 36524 | D12: 5359.5 | I12: 2333.2 | J12: 808.5 | K12: 13.1 | N12: 8514.2
A14: 36555 | D14: 5228.8 | I14: 2368.8 | J14: 854.2 | K14: 13.6 | N14: 8465.4
A15: 36585 | D15: 4934.3 | I15: 2375.6 | J15: 869.3 | K15: 16.8 | N15: 8196
A16: 36615 | B16: 3852.3 | C16: 768.7 | D16: 4621 | E16: 187.9 | F16: 4808.9 | G16: 1828.9 | H16: 409.7 | I16: 2238.6 | J16: 840.5 | K16: 16.5 | L16: -27.2 | M16: 3068.5 | N16: 7877.3 | O16: 428.9
A17: Mapping | J17: Maps to | K17: Maps to | N17: Maps to | O17: Maps to
A18: (see note 1 below) | J18: IMF | K18: IMF | N18: IMF | O18: IMF
J19: I.A.2 | K19: I.A.3 | N19: I.A | O19: I.B
B22: This table draws key items from the more comprehensive data template on international reserves and foreign
B23: currency liquidity for New Zealand, completed in accordance with IMF guidelines. The template is a prescribed
B24: category of the IMF's Special Data Dissemination Standard (SDDS)
